{
    "output-for": "bafyreiesxibq5e5le3wayc7kbqj4arrsvc4wphl7ciqis6scdodzid34na",
    "format": "annotated-formula",
    "annotated-formula": {
        "formula": {
            "language": "bafyreidytsnnzmr7mcmd4abvy4ufp7rwhlrff6wqskfc2ua4bkrdwt72g4",
            "content": "forall M N K, nat K -> plus M N K -> plus N M K",
            "context": [
                "bafyreifitbc5ywrbxrvnykdohxxc5d6yvdsxebmpfbxtxilwknxgwcqgaa"
            ]
        },
        "annotation": [
            "any"
        ]
    },
    "contexts": {
        "bafyreifitbc5ywrbxrvnykdohxxc5d6yvdsxebmpfbxtxilwknxgwcqgaa": {
            "language": "bafyreidytsnnzmr7mcmd4abvy4ufp7rwhlrff6wqskfc2ua4bkrdwt72g4",
            "content": [
                "Kind nat      type",
                "Type zero     nat",
                "Type succ     nat -> nat",
                "Define nat : nat -> prop by nat zero ; nat (succ N) := nat N",
                "Define plus : nat -> nat -> nat -> prop by plus z N N ; plus (s M) N (s K) := plus M N K"
            ]
        }
    },
    "languages": {
        "bafyreidytsnnzmr7mcmd4abvy4ufp7rwhlrff6wqskfc2ua4bkrdwt72g4": {
            "content": "!! This is the Abella prover language-cid !!"
        }
    }
}