{
    "format": "annotated-formula",
    "annotated-formula": {
        "formula": {
            "language": "abella-language",
            "content": "forall M N K, nat K -> plus M N K -> plus N M K",
            "context": ["plus"]
        },
        "annotation": ["any"]
    },
    "contexts": {
        "plus": {
            "language": "abella-language",
            "content": [
                "Kind nat      type",
                "Type zero     nat",
                "Type succ     nat -> nat",
                "Define nat : nat -> prop by nat zero ; nat (succ N) := nat N",
                "Define plus : nat -> nat -> nat -> prop by plus z N N ; plus (s M) N (s K) := plus M N K"
            ]
        }
    }
}