[
    {
        "dependencies": [
            "bafyreieysj5wtzzi6jx64octfttrpaij5k7qpniimlojdhazzgvgdjsih4"
        ],
        "via": []
    },
    {
        "dependencies": [
            "bafyreihw6ggod5k5nvrfs7a3prtvjoqd6t3unymbh3bklqdy6mydpfrime",
            "bafyreiawv2xo62nkwoto2cw77gwbcpef3etezwdhv52wy34xanwntg6ztq"
        ],
        "via": [
            {
                "agent": "f1f778e0eb75ce859e10987b2bf7c3969b130bb5ecde98dfaceadd7a0a3c5b65",
                "mode": "bafyreiaeoklwmtzrs6hcwpwsjc3i2rkylyi5oylqxengujwgkckpozkiza"
            }
        ]
    },
    {
        "dependencies": [
            "bafyreiawv2xo62nkwoto2cw77gwbcpef3etezwdhv52wy34xanwntg6ztq"
        ],
        "via": [
            {
                "agent": "dde3a4e219214764434c01a1a2f0b52996c7610f0010aab524f91e28739a740c",
                "mode": "bafyreiaeoklwmtzrs6hcwpwsjc3i2rkylyi5oylqxengujwgkckpozkiza"
            },
            {
                "agent": "f1f778e0eb75ce859e10987b2bf7c3969b130bb5ecde98dfaceadd7a0a3c5b65",
                "mode": "bafyreiaeoklwmtzrs6hcwpwsjc3i2rkylyi5oylqxengujwgkckpozkiza"
            }
        ]
    }
]