{
    "format": "assertion",
    "agent": "localAgent",
    "claim": {
        "format": "annotated-production",
        "production": {
            "mode": "abella-testing-ipfs",
            "sequent": {
                "conclusion": "plus_comm",
                "dependencies": [
                    "damf:bafyreiefqjjv3wzuvjjvelufzwfrohckxdzv4two7a5wmcxl7rkvsrlzoq",
                    "plus_succ"
                ]
            }
        },
        "annotation": [
            "part of the language - dispatch doesn't read it"
        ]
    },
    "formulas": {
        "plus_comm": {
            "language": "abella-language",
            "content": "forall M N K, nat K -> plus M N K -> plus N M K",
            "context": [
                "plus"
            ]
        },
        "plus_succ": {
            "language": "abella-language",
            "content": "forall M N K, plus M N K -> plus M (s N) (s K)",
            "context": [
                "plus"
            ]
        }
    },
    "contexts": {
        "plus": {
            "language": "abella-language",
            "content": [
                "Kind nat      type",
                "Type zero     nat",
                "Type succ     nat -> nat",
                "Define nat : nat -> prop by nat zero ; nat (succ N) := nat N",
                "Define plus : nat -> nat -> nat -> prop by plus z N N ; plus (s M) N (s K) := plus M N K"
            ]
        }
    }
}