{
    "format": "assertion",
    "assertion": {
        "agent": "anotherAgent",
        "claim": {
            "format": "annotated-production",
            "production": {
                "mode": "abella-testing-ipfs",
                "sequent": {
                    "conclusion": "ipld:bafyreihw6ggod5k5nvrfs7a3prtvjoqd6t3unymbh3bklqdy6mydpfrime",
                    "dependencies": []
                }
            },
            "annotation": ["part of the language - dispatch doesn't read it"]
        }
    }
}