{
    "C": [
        {
            "agent": "K4",
            "mode": "T1",
            "dependencies": ["B", "A"]
        },
        {
            "agent": "K5",
            "mode": "T2",
            "dependencies": ["V"]
        }
    ],
    "B": [
        {
            "agent":"K8",
            "mode": "T3",
            "dependencies":["P"]
        },
        {
            "agent": "K3",
            "mode": "T4",
            "dependencies": [
                "L",
                "M"
            ]
        },
        {
            "agent": "K5",
            "mode": "T5",
            "dependencies": [
                "J",
                "M"
            ]
        }
    ],
    "P": [
        {
            "agent": "K7",
            "mode": "T6",
            "dependencies": ["C"]
        },
        {
            "agent": "K6",
            "mode": "T7",
            "dependencies": ["J", "M"]
        }
    ],
    "A": [
        {
            "agent": "K1",
            "mode": "T8",
            "dependencies": [
                "P"
            ]
        },
        {
            "agent": "K2",
            "mode": "T9",
            "dependencies": [
                "D",
                "F"
            ]
        }
    ],
    "N": [
        {
            "agent": "K2",
            "mode": "T10",
            "dependencies": [
                "A",
                "B",
                "C"
            ]
        }
    ]
}