{
    "output-for": "bafyreifitbc5ywrbxrvnykdohxxc5d6yvdsxebmpfbxtxilwknxgwcqgaa",
    "format": "context",
    "languages": {
        "bafyreidytsnnzmr7mcmd4abvy4ufp7rwhlrff6wqskfc2ua4bkrdwt72g4": {
            "content": "!! This is the Abella prover language-cid !!"
        }
    },
    "context": {
        "language": "bafyreidytsnnzmr7mcmd4abvy4ufp7rwhlrff6wqskfc2ua4bkrdwt72g4",
        "content": [
            "Kind nat      type",
            "Type zero     nat",
            "Type succ     nat -> nat",
            "Define nat : nat -> prop by nat zero ; nat (succ N) := nat N",
            "Define plus : nat -> nat -> nat -> prop by plus z N N ; plus (s M) N (s K) := plus M N K"
        ]
    }
}