{
    "output-for": "bafyreidjbk3usyuft2ph7j47k5lu3n4ylwdzzbyz3t3m6ouz7wkco2cybm",
    "format": "annotated-context",
    "context": {
        "language": "bafyreibwfude4o7eqhartq44afcoslcv67djffppmqel7fjypaqr6qxwr4",
        "content": [
            "Kind nat      type",
            "Type zero     nat",
            "Type succ     nat -> nat",
            "Define nat : nat -> prop by nat zero ; nat (succ N) := nat N",
            "Define plus : nat -> nat -> nat -> prop by plus z N N ; plus (s M) N (s K) := plus M N K"
        ]
    },
    "languages": {
        "bafyreibwfude4o7eqhartq44afcoslcv67djffppmqel7fjypaqr6qxwr4": {
            "content": {
                "/": "bafyreicb33y5ef7fiyyzajzjrg4zysxvqnqxbyh3ucrvcbxkncm4yc3hq4"
            }
        }
    },
    "annotation": [
        "any"
    ]
}