{

"input-context": {"/":"bafyreigwkfnex57l4emcifma3u36pwc7aufoctfj4wsvghwkasackpm6a4"},

"input-formula": {"/":"bafyreieniducugzmieh723k56za5j4w4depsqyduy55swtijtcxmpyje4q"},

"input-sequent": {"/":"bafyreig7lqzgnvaxc5bvt5zgmq4uap7hz4mcvm4fp6tx7v5zrdrs5qq6pa"},

"input-production": {"/":"bafyreig7mvlobc6as2t5jmdkobobsc7ku4p7lf3qnjj4whurhodlwckw2e"},

"input-assertion": {"/":"bafyreifnjprhjlnunqlddzcvy2glucxuisndcsd46mav7cmgh5barf526y"},

"input-annotated-context": {"/":"bafyreidsk3amihh4hhqp4e5v2npb5mhxbonhcxvil5h5tlherwrzhfb5oe"},

"input-annotated-formula": {"/":"bafyreics7kh6w2gbaw5xcgrbmh4x3d7mfvaf5seb5t3nlntcjwj7c4hznu"},

"input-annotated-sequent": {"/":"bafyreibg7qlvxsatcmuydad4bnq2akygn2qiwcnaqzpjtkjen4hpj6vnbe"},

"input-annotated-production": {"/":"bafyreibrsdlqvdk5q7uaeucuq33r6julqejjpb6wdojcqrpq4reoyavune"},

"input-collection": {"/":"bafyreieyv5ramwywlc4qi3p6x5vi3ronfi7gh7au4iy2rgk6yynzvicysq"}

}
