{
    "output-for": "bafyreigbkaors2xa3jatsino6mkm5zozgtmbomsa3cypxyfy4yad6ycexm",
    "format": "collection",
    "name": "fileB",
    "elements": [
        {
            "agent": "65c83178c483b40689ac77a93dcd8ea0872d86dc3dffb7d48cb364c9774d6aad",
            "claim": {
                "format": "annotated-production",
                "production": {
                    "sequent": {
                        "conclusion": "bafyreihpnpuif3h3sh3eudkva7cy7k64bfhft5qu2syh3wok5d6rm7leri",
                        "dependencies": [
                            "bafyreiefqjjv3wzuvjjvelufzwfrohckxdzv4two7a5wmcxl7rkvsrlzoq",
                            "bafyreiadj6anhzmbxlx5edrpvr4dohlorsst4zf7z3bdncsuembr3np3v4"
                        ]
                    },
                    "mode": "bafyreif4o3f53stuhzo46wclgy2tv7u4xue2baikptr3eh4gpnqgqg3g6a"
                },
                "annotation": [
                    "part of the language - dispatch doesn't read it"
                ]
            },
            "format": "assertion"
        },
        {
            "agent": "65c83178c483b40689ac77a93dcd8ea0872d86dc3dffb7d48cb364c9774d6aad",
            "claim": {
                "format": "production",
                "production": {
                    "sequent": {
                        "conclusion": "bafyreiadj6anhzmbxlx5edrpvr4dohlorsst4zf7z3bdncsuembr3np3v4",
                        "dependencies": []
                    },
                    "mode": "bafyreif4o3f53stuhzo46wclgy2tv7u4xue2baikptr3eh4gpnqgqg3g6a"
                }
            },
            "format": "assertion"
        }
    ],
    "formulas": {
        "bafyreihpnpuif3h3sh3eudkva7cy7k64bfhft5qu2syh3wok5d6rm7leri": {
            "language": "bafyreibwfude4o7eqhartq44afcoslcv67djffppmqel7fjypaqr6qxwr4",
            "content": "forall M N K, nat K -> plus M N K -> plus N M K",
            "context": [
                "bafyreigpeah5it7whotxyozuey2fsw7st5ycsb2ig6we72u4qxsk6flzum"
            ]
        },
        "bafyreiefqjjv3wzuvjjvelufzwfrohckxdzv4two7a5wmcxl7rkvsrlzoq": {
            "language": "bafyreibwfude4o7eqhartq44afcoslcv67djffppmqel7fjypaqr6qxwr4",
            "content": "forall N, nat N -> plus N z N",
            "context": [
                "bafyreigpeah5it7whotxyozuey2fsw7st5ycsb2ig6we72u4qxsk6flzum"
            ]
        },
        "bafyreiadj6anhzmbxlx5edrpvr4dohlorsst4zf7z3bdncsuembr3np3v4": {
            "language": "bafyreibwfude4o7eqhartq44afcoslcv67djffppmqel7fjypaqr6qxwr4",
            "content": "forall M N K, plus M N K -> plus M (s N) (s K)",
            "context": [
                "bafyreigpeah5it7whotxyozuey2fsw7st5ycsb2ig6we72u4qxsk6flzum"
            ]
        }
    },
    "contexts": {
        "bafyreigpeah5it7whotxyozuey2fsw7st5ycsb2ig6we72u4qxsk6flzum": {
            "language": "bafyreibwfude4o7eqhartq44afcoslcv67djffppmqel7fjypaqr6qxwr4",
            "content": [
                "Kind nat      type",
                "Type zero     nat",
                "Type succ     nat -> nat",
                "Define nat : nat -> prop by nat zero ; nat (succ N) := nat N",
                "Define plus : nat -> nat -> nat -> prop by plus z N N ; plus (s M) N (s K) := plus M N K"
            ]
        }
    },
    "languages": {
        "bafyreibwfude4o7eqhartq44afcoslcv67djffppmqel7fjypaqr6qxwr4": {
            "content": {
                "/": "bafyreicb33y5ef7fiyyzajzjrg4zysxvqnqxbyh3ucrvcbxkncm4yc3hq4"
            }
        }
    },
    "tools": {
        "bafyreif4o3f53stuhzo46wclgy2tv7u4xue2baikptr3eh4gpnqgqg3g6a": {
            "content": {
                "/": "bafyreifcuwf4cnopv2i26ktvn243xu5dhdtc4d4utuqd7nlaztvevuaf4q"
            }
        }
    }
}